{
  "doc_id": "172901606_1_pg23",
  "dealer_name": [
    862.0,
    1408.0,
    1090.0,
    1438.0
  ],
  "model_name": null,
  "horse_power": [
    1044.0362332567338,
    732.1092540367474,
    1104.9637667432662,
    764.8907459632526
  ],
  "asset_cost": null
}