{
  "doc_id": "173470257_2_pg23",
  "dealer_name": [
    284.0,
    12.0,
    568.0,
    60.0
  ],
  "model_name": [
    149.0,
    25.0,
    259.0,
    45.0
  ],
  "horse_power": [
    785.326703654534,
    343.1317018509494,
    850.673296345466,
    388.8682981490506
  ],
  "asset_cost": [
    726.0,
    946.0,
    875.0,
    985.0
  ]
}