{
  "doc_id": "90019258415_1_v1_pg1",
  "dealer_name": [
    591.0,
    185.0,
    966.0,
    233.0
  ],
  "model_name": [
    170.0,
    679.0,
    317.0,
    707.0
  ],
  "horse_power": [
    372.8905996075495,
    676.7030670888004,
    406.1094003924505,
    702.2969329111996
  ],
  "asset_cost": null
}